modele,accuracy,precision_high,recall_high,f1_high,precision_low,recall_low,f1_low
Majority Baseline,0.7188357208168241,0.7188357208168241,1.0,0.8364216685876408,0.0,0.0,0.0
Arbre de décision maison,0.6453063090521183,0.7199263690750115,0.829128683485266,0.7706783585398296,0.2864099158919876,0.17533875338753388,0.21751554883173643
Arbre de décision sklearn,0.6402011581834807,0.7179665093903229,0.8226097095611618,0.7667341797164452,0.27710583153347734,0.17384823848238481,0.21365528726061617
