,BMI,BMI,BMI,Cholesterol,Cholesterol,Cholesterol,Systolic_BP,Systolic_BP,Systolic_BP,Diastolic_BP,Diastolic_BP,Diastolic_BP
,mean,median,std,mean,median,std,mean,median,std,mean,median,std
Hypertension,,,,,,,,,,,,
High,27.490093893354324,27.5,7.211947515702067,224.43006495416637,224.0,43.43548592980245,134.46315421248042,134.0,26.0018637626267,89.47284566031436,89.0,17.30023812042251
Low,27.50637588666897,27.5,7.218828207452113,224.8186825471027,225.0,43.171282862146704,134.61279242291823,135.0,26.06366357814676,89.39271559521148,89.0,17.337776527105436
