Salt_Group,total,high_cases,high_rate,high_rate_percent
2-4,27730,19916,0.7182113234763794,71.82113234763794
4.1-6,27019,19365,0.7167178652059661,71.67178652059661
6.1-8,26856,19391,0.7220360440869824,72.20360440869824
8.1-10,27168,19575,0.7205167844522968,72.05167844522968
10.1-12,26828,19215,0.7162293126584166,71.62293126584166
12.1-15,39381,28319,0.7191031207942916,71.91031207942916
