Smoking_Status,total,high_cases,high_rate,high_rate_percent
Current,58574,42061,0.7180831085464541,71.80831085464541
Former,58513,41992,0.7176524874814144,71.76524874814145
Never,57895,41728,0.720753087485966,72.0753087485966
