Sleep_Group,total,high_cases,high_rate,high_rate_percent
4-5,30875,22176,0.7182510121457489,71.8251012145749
5.1-6,28783,20744,0.7207031928568947,72.07031928568946
6.1-7,29371,21080,0.717714752647169,71.7714752647169
7.1-8,29345,21112,0.7194411313682059,71.94411313682059
8.1-9,29171,20960,0.7185218196153714,71.85218196153714
9.1-10,27437,19709,0.7183365528301199,71.83365528301199
