Alcohol_Group,total,high_cases,high_rate,high_rate_percent
0-5,29389,21121,0.7186702507740992,71.86702507740992
5.1-10,29313,21047,0.7180090744720772,71.80090744720772
10.1-15,29199,21058,0.7211890818178704,72.11890818178705
15.1-20,29265,21116,0.721544507090381,72.1544507090381
20.1-25,29024,20783,0.7160625689084895,71.60625689084895
25.1-30,28792,20656,0.7174215059738817,71.74215059738816
