Age_Group,total,high_cases,high_rate,high_rate_percent
18-29,29267,21169,0.7233061126866437,72.33061126866437
30-39,24245,17442,0.719406063105795,71.9406063105795
40-49,24132,17257,0.7151085695342284,71.51085695342285
50-59,24510,17517,0.71468788249694,71.468788249694
60-69,24283,17610,0.7251986986780875,72.51986986780875
70-79,24268,17488,0.720619746167793,72.0619746167793
80-89,24277,17298,0.7125262594224987,71.25262594224986
