Physical_Activity_Level,total,high_cases,high_rate,high_rate_percent
High,58462,41895,0.7166193424788752,71.66193424788752
Low,58292,41946,0.7195841624922803,71.95841624922804
Moderate,58228,41940,0.7202720340729546,72.02720340729546
