class,count,percentage
High,125781,71.882250745791
Low,49201,28.117749254209006
